<?xml version="1.0" encoding="UTF-8"?>
<project-private xmlns="http://www.netbeans.org/ns/project-private/1">
    <editor-bookmarks xmlns="http://www.netbeans.org/ns/editor-bookmarks/2" lastBookmarkId="0"/>
    <open-files xmlns="http://www.netbeans.org/ns/projectui-open-files/2">
        <group>
            <file>file:/C:/Users/ADMIN-PC/Documents/NetBeansProjects/NaguitaFinal/src/naguitafinal/Input.java</file>
            <file>file:/C:/Users/ADMIN-PC/Documents/NetBeansProjects/NaguitaFinal/src/naguitafinal/InputOutput.java</file>
            <file>file:/C:/Users/ADMIN-PC/Documents/NetBeansProjects/NaguitaFinal/src/naguitafinal/ViewRecords.java</file>
            <file>file:/C:/Users/ADMIN-PC/Documents/NetBeansProjects/NaguitaFinal/src/naguitafinal/MainClass.java</file>
            <file>file:/C:/Users/ADMIN-PC/Documents/NetBeansProjects/NaguitaFinal/src/naguitafinal/Reports.java</file>
            <file>file:/C:/Users/ADMIN-PC/Documents/NetBeansProjects/NaguitaFinal/src/naguitafinal/addreports.java</file>
            <file>file:/C:/Users/ADMIN-PC/Documents/NetBeansProjects/NaguitaFinal/src/naguitafinal/Delete.java</file>
            <file>file:/C:/Users/ADMIN-PC/Documents/NetBeansProjects/NaguitaFinal/src/naguitafinal/Output.java</file>
            <file>file:/C:/Users/ADMIN-PC/Documents/NetBeansProjects/NaguitaFinal/src/naguitafinal/Available.java</file>
            <file>file:/C:/Users/ADMIN-PC/Documents/NetBeansProjects/NaguitaFinal/src/naguitafinal/Employees.java</file>
            <file>file:/C:/Users/ADMIN-PC/Documents/NetBeansProjects/NaguitaFinal/src/naguitafinal/AllPeripherals.java</file>
            <file>file:/C:/Users/ADMIN-PC/Documents/NetBeansProjects/NaguitaFinal/src/naguitafinal/Unavailable.java</file>
            <file>file:/C:/Users/ADMIN-PC/Documents/NetBeansProjects/NaguitaFinal/src/naguitafinal/Edit.java</file>
        </group>
    </open-files>
</project-private>
